objectPath,objectName,objectType,id
/SYS,DESKTOP-PTharun,AgentGroup,1qqOUGbDUbCioGYOZpy1wX
/Explore/DCF_DEV_PARAM/DWH_PARAM,mt_FACT_DICTATION_INVOLVEMENT_INITIAL_LOAD,MTT,6KsbZCA8KmhbzE3Ay31lkM
/SYS,FlatFile_Connection_Param,Connection,8wk3gML4w8abDErGjANOQy
/Explore/DCF_DEV_PARAM/DWH_PARAM,mt_EMAIL_1,MTT,1Y4nVVbnzxzhTnP2u5zPMW
/Explore/DCF_DEV_PARAM/DWH_PARAM,m_DWH_AUDIT_LOGS,DTEMPLATE,5JNwbW2qlwhkVAGdMb4E6W
/Explore/DCF_DEV_PARAM/DWH_PARAM,tf_FACT_DICTATION_INVOLVEMENT_INITIAL_LOAD,TASKFLOW,0sw7DdpGRA2fUE1zMfwA6Q
/Explore/DCF_DEV_PARAM/DWH_PARAM,m_FACT_DICTATIONS_INITIAL_LOAD,DTEMPLATE,8xZFLdDprr2jBKTe21KEKp
/Explore/DCF_DEV_PARAM/DWH_PARAM,mt_DWH_AUDIT_LOGS_1,MTT,cMMNAF2JzqodPhW0dPN36k
/Explore/DCF_DEV_PARAM/DWH_PARAM,mt_FACT_DICTATIONS_INITIAL_LOAD,MTT,gBDO0O9DEsxka99xe2KV48
/SYS,SWTEST,AgentGroup,3hBMLqd9OE6dAnXh46FhcX
/SYS,DWH_SNOWFLAKE_1,Connection,40AxKXdpK9MiBbFoWCiE0Y
/Explore/DCF_DEV_PARAM/DWH_PARAM,m_EMAIL,DTEMPLATE,5UZoAvI7EsvljL7UouONGM
/Explore,DCF_DEV_PARAM,Project,hzLqJ227yQogb5THv6xYYC
/Explore/DCF_DEV_PARAM,DWH_PARAM,Folder,8AUrWK2yAGMg5EFzGSE6oi
/Explore/DCF_DEV_PARAM/DWH_PARAM,m_FACT_DICTATION_INVOLVEMENT_INITIAL_LOAD,DTEMPLATE,0BvWT8HQ5jQbL4Rt6vjBYI