{
  "name" : "dictation_involvement-1737970838474",
  "sourceOrgId" : "3kWK7zb09rxhftwgbgOkEW",
  "sourceOrgName" : "DCF-DWH-DEV",
  "exportedObjects" : [ {
    "objectGuid" : "1qqOUGbDUbCioGYOZpy1wX",
    "objectName" : "DESKTOP-PTharun",
    "objectType" : "AgentGroup",
    "path" : "/SYS",
    "metadata" : {
      "modelVersion" : {
        "major" : 0,
        "minor" : 0
      },
      "repoInfo" : {
        "repoHandle" : "01CVHB2500000000000E"
      },
      "objectRefs" : [ ],
      "contextAttributes" : [ {
        "name" : "id",
        "value" : "@1"
      } ],
      "additionalInfo" : {
        "description" : null,
        "contentType" : "JSON",
        "documentState" : "VALID"
      }
    }
  }, {
    "objectGuid" : "6KsbZCA8KmhbzE3Ay31lkM",
    "objectName" : "mt_FACT_DICTATION_INVOLVEMENT_INITIAL_LOAD",
    "objectType" : "MTT",
    "path" : "/Explore/DCF_DEV_PARAM/DWH_PARAM",
    "metadata" : {
      "modelVersion" : {
        "major" : 0,
        "minor" : 0
      },
      "repoInfo" : {
        "repoHandle" : "01CVHB0Z000000000281"
      },
      "objectRefs" : [ "1qqOUGbDUbCioGYOZpy1wX", "40AxKXdpK9MiBbFoWCiE0Y", "8wk3gML4w8abDErGjANOQy", "0BvWT8HQ5jQbL4Rt6vjBYI" ],
      "contextAttributes" : [ {
        "name" : "id",
        "value" : "@1"
      } ],
      "additionalInfo" : {
        "description" : null,
        "contentType" : "JSON",
        "documentState" : "VALID"
      }
    }
  }, {
    "objectGuid" : "8wk3gML4w8abDErGjANOQy",
    "objectName" : "FlatFile_Connection_Param",
    "objectType" : "Connection",
    "path" : "/SYS",
    "metadata" : {
      "modelVersion" : {
        "major" : 0,
        "minor" : 0
      },
      "repoInfo" : {
        "repoHandle" : "01CVHB0B00000000000P"
      },
      "objectRefs" : [ "1qqOUGbDUbCioGYOZpy1wX" ],
      "contextAttributes" : [ {
        "name" : "id",
        "value" : "@1"
      } ],
      "additionalInfo" : {
        "description" : null,
        "contentType" : "JSON",
        "documentState" : "COMPLETE"
      }
    }
  }, {
    "objectGuid" : "1Y4nVVbnzxzhTnP2u5zPMW",
    "objectName" : "mt_EMAIL_1",
    "objectType" : "MTT",
    "path" : "/Explore/DCF_DEV_PARAM/DWH_PARAM",
    "metadata" : {
      "modelVersion" : {
        "major" : 0,
        "minor" : 0
      },
      "repoInfo" : {
        "repoHandle" : "01CVHB0Z0000000000W1"
      },
      "objectRefs" : [ "1qqOUGbDUbCioGYOZpy1wX", "40AxKXdpK9MiBbFoWCiE0Y", "5UZoAvI7EsvljL7UouONGM" ],
      "contextAttributes" : [ {
        "name" : "id",
        "value" : "@1"
      } ],
      "additionalInfo" : {
        "description" : null,
        "contentType" : "JSON",
        "documentState" : "VALID"
      }
    }
  }, {
    "objectGuid" : "5JNwbW2qlwhkVAGdMb4E6W",
    "objectName" : "m_DWH_AUDIT_LOGS",
    "objectType" : "DTEMPLATE",
    "path" : "/Explore/DCF_DEV_PARAM/DWH_PARAM",
    "metadata" : {
      "modelVersion" : {
        "major" : 0,
        "minor" : 0
      },
      "repoInfo" : {
        "repoHandle" : "01CVHB170000000000SS"
      },
      "objectRefs" : [ ],
      "contextAttributes" : [ {
        "name" : "id",
        "value" : "@1"
      } ],
      "additionalInfo" : {
        "description" : "",
        "contentType" : "JSON",
        "documentState" : "VALID"
      }
    }
  }, {
    "objectGuid" : "0sw7DdpGRA2fUE1zMfwA6Q",
    "objectName" : "tf_FACT_DICTATION_INVOLVEMENT_INITIAL_LOAD",
    "objectType" : "TASKFLOW",
    "path" : "/Explore/DCF_DEV_PARAM/DWH_PARAM",
    "metadata" : {
      "modelVersion" : {
        "major" : 1,
        "minor" : 0
      },
      "repoInfo" : {
        "repoHandle" : "B5uSRCU7uMydx2C-gt-14518999-2025-01-27T07:30:04.446Z::tf.xml"
      },
      "objectRefs" : [ "cMMNAF2JzqodPhW0dPN36k", "6KsbZCA8KmhbzE3Ay31lkM", "1Y4nVVbnzxzhTnP2u5zPMW" ],
      "contextAttributes" : null,
      "additionalInfo" : {
        "description" : "",
        "contentType" : "application/json; charset=utf-8",
        "documentState" : "VALID"
      }
    }
  }, {
    "objectGuid" : "8xZFLdDprr2jBKTe21KEKp",
    "objectName" : "m_FACT_DICTATIONS_INITIAL_LOAD",
    "objectType" : "DTEMPLATE",
    "path" : "/Explore/DCF_DEV_PARAM/DWH_PARAM",
    "metadata" : {
      "modelVersion" : {
        "major" : 0,
        "minor" : 0
      },
      "repoInfo" : {
        "repoHandle" : "01CVHB170000000001EY"
      },
      "objectRefs" : [ ],
      "contextAttributes" : [ {
        "name" : "id",
        "value" : "@1"
      } ],
      "additionalInfo" : {
        "description" : "",
        "contentType" : "JSON",
        "documentState" : "VALID"
      }
    }
  }, {
    "objectGuid" : "cMMNAF2JzqodPhW0dPN36k",
    "objectName" : "mt_DWH_AUDIT_LOGS_1",
    "objectType" : "MTT",
    "path" : "/Explore/DCF_DEV_PARAM/DWH_PARAM",
    "metadata" : {
      "modelVersion" : {
        "major" : 0,
        "minor" : 0
      },
      "repoInfo" : {
        "repoHandle" : "01CVHB0Z0000000000W2"
      },
      "objectRefs" : [ "1qqOUGbDUbCioGYOZpy1wX", "40AxKXdpK9MiBbFoWCiE0Y", "5JNwbW2qlwhkVAGdMb4E6W" ],
      "contextAttributes" : [ {
        "name" : "id",
        "value" : "@1"
      } ],
      "additionalInfo" : {
        "description" : null,
        "contentType" : "JSON",
        "documentState" : "VALID"
      }
    }
  }, {
    "objectGuid" : "gBDO0O9DEsxka99xe2KV48",
    "objectName" : "mt_FACT_DICTATIONS_INITIAL_LOAD",
    "objectType" : "MTT",
    "path" : "/Explore/DCF_DEV_PARAM/DWH_PARAM",
    "metadata" : {
      "modelVersion" : {
        "major" : 0,
        "minor" : 0
      },
      "repoInfo" : {
        "repoHandle" : "01CVHB0Z00000000025B"
      },
      "objectRefs" : [ "1qqOUGbDUbCioGYOZpy1wX", "8xZFLdDprr2jBKTe21KEKp", "40AxKXdpK9MiBbFoWCiE0Y", "8wk3gML4w8abDErGjANOQy" ],
      "contextAttributes" : [ {
        "name" : "id",
        "value" : "@1"
      } ],
      "additionalInfo" : {
        "description" : null,
        "contentType" : "JSON",
        "documentState" : "VALID"
      }
    }
  }, {
    "objectGuid" : "3hBMLqd9OE6dAnXh46FhcX",
    "objectName" : "SWTEST",
    "objectType" : "AgentGroup",
    "path" : "/SYS",
    "metadata" : {
      "modelVersion" : {
        "major" : 0,
        "minor" : 0
      },
      "repoInfo" : {
        "repoHandle" : "01CVHB25000000000005"
      },
      "objectRefs" : [ ],
      "contextAttributes" : [ {
        "name" : "id",
        "value" : "@1"
      } ],
      "additionalInfo" : {
        "description" : null,
        "contentType" : "JSON",
        "documentState" : "VALID"
      }
    }
  }, {
    "objectGuid" : "40AxKXdpK9MiBbFoWCiE0Y",
    "objectName" : "DWH_SNOWFLAKE_1",
    "objectType" : "Connection",
    "path" : "/SYS",
    "metadata" : {
      "modelVersion" : {
        "major" : 0,
        "minor" : 0
      },
      "repoInfo" : {
        "repoHandle" : "01CVHB0B00000000000Q"
      },
      "objectRefs" : [ "3hBMLqd9OE6dAnXh46FhcX" ],
      "contextAttributes" : [ {
        "name" : "id",
        "value" : "@1"
      } ],
      "additionalInfo" : {
        "description" : null,
        "contentType" : "JSON",
        "documentState" : "COMPLETE"
      }
    }
  }, {
    "objectGuid" : "5UZoAvI7EsvljL7UouONGM",
    "objectName" : "m_EMAIL",
    "objectType" : "DTEMPLATE",
    "path" : "/Explore/DCF_DEV_PARAM/DWH_PARAM",
    "metadata" : {
      "modelVersion" : {
        "major" : 0,
        "minor" : 0
      },
      "repoInfo" : {
        "repoHandle" : "01CVHB170000000000SW"
      },
      "objectRefs" : [ ],
      "contextAttributes" : [ {
        "name" : "id",
        "value" : "@1"
      } ],
      "additionalInfo" : {
        "description" : "",
        "contentType" : "JSON",
        "documentState" : "VALID"
      }
    }
  }, {
    "objectGuid" : "hzLqJ227yQogb5THv6xYYC",
    "objectName" : "DCF_DEV_PARAM",
    "objectType" : "Project",
    "path" : "/Explore",
    "metadata" : {
      "modelVersion" : {
        "major" : 0,
        "minor" : 0
      },
      "repoInfo" : null,
      "objectRefs" : [ ],
      "contextAttributes" : [ ],
      "additionalInfo" : {
        "description" : "Parameterization implementation ",
        "contentType" : "Binary",
        "documentState" : "COMPLETE"
      }
    }
  }, {
    "objectGuid" : "8AUrWK2yAGMg5EFzGSE6oi",
    "objectName" : "DWH_PARAM",
    "objectType" : "Folder",
    "path" : "/Explore/DCF_DEV_PARAM",
    "metadata" : {
      "modelVersion" : {
        "major" : 0,
        "minor" : 0
      },
      "repoInfo" : null,
      "objectRefs" : [ ],
      "contextAttributes" : [ ],
      "additionalInfo" : {
        "description" : "",
        "contentType" : "Binary",
        "documentState" : "COMPLETE"
      }
    }
  }, {
    "objectGuid" : "0BvWT8HQ5jQbL4Rt6vjBYI",
    "objectName" : "m_FACT_DICTATION_INVOLVEMENT_INITIAL_LOAD",
    "objectType" : "DTEMPLATE",
    "path" : "/Explore/DCF_DEV_PARAM/DWH_PARAM",
    "metadata" : {
      "modelVersion" : {
        "major" : 0,
        "minor" : 0
      },
      "repoInfo" : {
        "repoHandle" : "01CVHB170000000001GE"
      },
      "objectRefs" : [ ],
      "contextAttributes" : [ {
        "name" : "id",
        "value" : "@1"
      } ],
      "additionalInfo" : {
        "description" : "",
        "contentType" : "JSON",
        "documentState" : "VALID"
      }
    }
  } ]
}