objectPath,objectName,objectType,id
/Explore/DCF_DEV_PARAM/DWH_PARAM,tf_DIM_ALLEGATION_INFO,TASKFLOW,1bksFjkb4Kcbii1Acidk4g
/Explore/DCF_DEV_PARAM/DWH_PARAM,m_EMAIL,DTEMPLATE,9RCyUId51Pkgdk6TQzfs6z
/Explore/DCF_DEV_PARAM/DWH_PARAM,mt_FACT_ALLEGATIONS,MTT,alA3YIvDhrIbdGqMUygPMj
/Explore/DCF_DEV_PARAM,DWH_PARAM,Folder,9CaN147CAcil4yKdWuaqmA
/Explore/DCF_DEV_PARAM/DWH_PARAM,mt_DWH_AUDIT_LOGS,MTT,8NN7d5URiINjnw4lxVAtq7
/Explore/DCF_DEV_PARAM/DWH_PARAM,Exp_Null_Desc,UDF,72V9acpf3T1dVjSynn6qKH
/SYS,DESKTOP-PTharun,AgentGroup,8l4v7iMZ1ZLiqH2Pp4mpix
/SYS,DEFT-Chirag,AgentGroup,8uhTd8yFZP5lgiEv0iTRyD
/Explore/DCF_DEV_PARAM/DWH_PARAM,mt_DIM_PERSONS,MTT,hVFQfjJwWqofLSblmVGQEP
/Explore/DCF_DEV_PARAM/DWH_PARAM,mt_EMAIL_1,MTT,0RYLsBEBLzFbYXVPuBekIs
/Explore/DCF_DEV_PARAM/DWH_PARAM,m_DIM_ALLEGATION_INFO,DTEMPLATE,7L4VxUjRR01jUKvfOGkrQb
/Explore/DCF_DEV_PARAM/DWH_PARAM,mt_DWH_AUDIT_LOGS_1,MTT,1omeSk2xe0UcT3oh9N13sN
/Explore/DCF_DEV_PARAM/DWH_PARAM,mt_DIM_ALLEGATION_INFO,MTT,4tPWnr9ETIXjJ5UadEehio
/Explore,DCF_DEV_PARAM,Project,9cdIjl9ilnklF5oZlKcIKd
/Explore/DCF_DEV_PARAM/DWH_PARAM,tf_FACT_ALLEGATIONS,TASKFLOW,7PCkYTDkPuYlAydZZdciQC
/Explore/DCF_DEV_PARAM/DWH_PARAM,m_DWH_AUDIT_LOGS,DTEMPLATE,afGjwtWNGkacXpzuQp2cSv
/Explore/DCF_DEV_PARAM/DWH_PARAM,tf_DIM_PERSONS,TASKFLOW,5wPvAybQa8IhlnEHjw3iMK
/Explore/DCF_DEV_PARAM/DWH_PARAM,m_FACT_ALLEGATIONS,DTEMPLATE,9RYeQuh8TO0ejNVSmP13wU
/Explore/DCF_DEV_PARAM/DWH_PARAM,Exp_Null_Columns,UDF,86rQn4YxKWeh1j9fKI0cmL
/Explore/DCF_DEV_PARAM/DWH_PARAM,m_DIM_PERSONS,DTEMPLATE,935EA9ZvZMplyGr3kqJ5wV
/SYS,STAGING_SNOWFLAKE,Connection,erIlwJOTUyQfiiQQElmi6j
/SYS,DWH_SNOWFLAKE_1,Connection,8P2Op7UtFaOcoML1TWB1uf