{
  "name" : "DWH_PARAM-1737974521006",
  "sourceOrgId" : "bJayNObZcuqbmS0YHhT76J",
  "sourceOrgName" : "azuretechtalk",
  "exportedObjects" : [ {
    "objectGuid" : "1bksFjkb4Kcbii1Acidk4g",
    "objectName" : "tf_DIM_ALLEGATION_INFO",
    "objectType" : "TASKFLOW",
    "path" : "/Explore/DCF_DEV_PARAM/DWH_PARAM",
    "metadata" : {
      "modelVersion" : {
        "major" : 1,
        "minor" : 0
      },
      "repoInfo" : {
        "repoHandle" : "yIYmWR7hsAVR3aa-gt-320671-2025-01-07T09:42:32.394Z::tf.xml"
      },
      "objectRefs" : [ "0RYLsBEBLzFbYXVPuBekIs", "1omeSk2xe0UcT3oh9N13sN", "4tPWnr9ETIXjJ5UadEehio" ],
      "contextAttributes" : null,
      "additionalInfo" : {
        "description" : "",
        "contentType" : "application/json; charset=utf-8",
        "documentState" : "VALID"
      }
    }
  }, {
    "objectGuid" : "9RCyUId51Pkgdk6TQzfs6z",
    "objectName" : "m_EMAIL",
    "objectType" : "DTEMPLATE",
    "path" : "/Explore/DCF_DEV_PARAM/DWH_PARAM",
    "metadata" : {
      "modelVersion" : {
        "major" : 0,
        "minor" : 0
      },
      "repoInfo" : {
        "repoHandle" : "012TDU1700000000000B"
      },
      "objectRefs" : [ ],
      "contextAttributes" : [ {
        "name" : "id",
        "value" : "@1"
      } ],
      "additionalInfo" : {
        "description" : "",
        "contentType" : "JSON",
        "documentState" : "VALID"
      }
    }
  }, {
    "objectGuid" : "alA3YIvDhrIbdGqMUygPMj",
    "objectName" : "mt_FACT_ALLEGATIONS",
    "objectType" : "MTT",
    "path" : "/Explore/DCF_DEV_PARAM/DWH_PARAM",
    "metadata" : {
      "modelVersion" : {
        "major" : 0,
        "minor" : 0
      },
      "repoInfo" : {
        "repoHandle" : "012TDU0Z000000000007"
      },
      "objectRefs" : [ "8l4v7iMZ1ZLiqH2Pp4mpix", "9RYeQuh8TO0ejNVSmP13wU", "86rQn4YxKWeh1j9fKI0cmL", "erIlwJOTUyQfiiQQElmi6j", "8P2Op7UtFaOcoML1TWB1uf" ],
      "contextAttributes" : [ {
        "name" : "id",
        "value" : "@1"
      } ],
      "additionalInfo" : {
        "description" : null,
        "contentType" : "JSON",
        "documentState" : "VALID"
      }
    }
  }, {
    "objectGuid" : "9CaN147CAcil4yKdWuaqmA",
    "objectName" : "DWH_PARAM",
    "objectType" : "Folder",
    "path" : "/Explore/DCF_DEV_PARAM",
    "metadata" : {
      "modelVersion" : {
        "major" : 0,
        "minor" : 0
      },
      "repoInfo" : null,
      "objectRefs" : [ ],
      "contextAttributes" : [ ],
      "additionalInfo" : {
        "description" : "",
        "contentType" : "Binary",
        "documentState" : "COMPLETE"
      }
    }
  }, {
    "objectGuid" : "8NN7d5URiINjnw4lxVAtq7",
    "objectName" : "mt_DWH_AUDIT_LOGS",
    "objectType" : "MTT",
    "path" : "/Explore/DCF_DEV_PARAM/DWH_PARAM",
    "metadata" : {
      "modelVersion" : {
        "major" : 0,
        "minor" : 0
      },
      "repoInfo" : {
        "repoHandle" : "012TDU0Z00000000000C"
      },
      "objectRefs" : [ "afGjwtWNGkacXpzuQp2cSv", "8l4v7iMZ1ZLiqH2Pp4mpix", "8P2Op7UtFaOcoML1TWB1uf" ],
      "contextAttributes" : [ {
        "name" : "id",
        "value" : "@1"
      } ],
      "additionalInfo" : {
        "description" : null,
        "contentType" : "JSON",
        "documentState" : "VALID"
      }
    }
  }, {
    "objectGuid" : "72V9acpf3T1dVjSynn6qKH",
    "objectName" : "Exp_Null_Desc",
    "objectType" : "UDF",
    "path" : "/Explore/DCF_DEV_PARAM/DWH_PARAM",
    "metadata" : {
      "modelVersion" : {
        "major" : 0,
        "minor" : 0
      },
      "repoInfo" : {
        "repoHandle" : "012TDU41000000000003"
      },
      "objectRefs" : [ ],
      "contextAttributes" : [ {
        "name" : "id",
        "value" : "@1"
      } ],
      "additionalInfo" : {
        "description" : "",
        "contentType" : "JSON",
        "documentState" : "VALID"
      }
    }
  }, {
    "objectGuid" : "8l4v7iMZ1ZLiqH2Pp4mpix",
    "objectName" : "DESKTOP-PTharun",
    "objectType" : "AgentGroup",
    "path" : "/SYS",
    "metadata" : {
      "modelVersion" : {
        "major" : 0,
        "minor" : 0
      },
      "repoInfo" : {
        "repoHandle" : "012TDU25000000000003"
      },
      "objectRefs" : [ ],
      "contextAttributes" : [ {
        "name" : "id",
        "value" : "@1"
      } ],
      "additionalInfo" : {
        "description" : null,
        "contentType" : "JSON",
        "documentState" : "VALID"
      }
    }
  }, {
    "objectGuid" : "8uhTd8yFZP5lgiEv0iTRyD",
    "objectName" : "DEFT-Chirag",
    "objectType" : "AgentGroup",
    "path" : "/SYS",
    "metadata" : {
      "modelVersion" : {
        "major" : 0,
        "minor" : 0
      },
      "repoInfo" : {
        "repoHandle" : "012TDU25000000000002"
      },
      "objectRefs" : [ ],
      "contextAttributes" : [ {
        "name" : "id",
        "value" : "@1"
      } ],
      "additionalInfo" : {
        "description" : null,
        "contentType" : "JSON",
        "documentState" : "VALID"
      }
    }
  }, {
    "objectGuid" : "hVFQfjJwWqofLSblmVGQEP",
    "objectName" : "mt_DIM_PERSONS",
    "objectType" : "MTT",
    "path" : "/Explore/DCF_DEV_PARAM/DWH_PARAM",
    "metadata" : {
      "modelVersion" : {
        "major" : 0,
        "minor" : 0
      },
      "repoInfo" : {
        "repoHandle" : "012TDU0Z00000000000B"
      },
      "objectRefs" : [ "8l4v7iMZ1ZLiqH2Pp4mpix", "935EA9ZvZMplyGr3kqJ5wV", "erIlwJOTUyQfiiQQElmi6j", "8P2Op7UtFaOcoML1TWB1uf" ],
      "contextAttributes" : [ {
        "name" : "id",
        "value" : "@1"
      } ],
      "additionalInfo" : {
        "description" : null,
        "contentType" : "JSON",
        "documentState" : "VALID"
      }
    }
  }, {
    "objectGuid" : "0RYLsBEBLzFbYXVPuBekIs",
    "objectName" : "mt_EMAIL_1",
    "objectType" : "MTT",
    "path" : "/Explore/DCF_DEV_PARAM/DWH_PARAM",
    "metadata" : {
      "modelVersion" : {
        "major" : 0,
        "minor" : 0
      },
      "repoInfo" : {
        "repoHandle" : "012TDU0Z000000000004"
      },
      "objectRefs" : [ "9RCyUId51Pkgdk6TQzfs6z", "8l4v7iMZ1ZLiqH2Pp4mpix", "8P2Op7UtFaOcoML1TWB1uf" ],
      "contextAttributes" : [ {
        "name" : "id",
        "value" : "@1"
      } ],
      "additionalInfo" : {
        "description" : null,
        "contentType" : "JSON",
        "documentState" : "VALID"
      }
    }
  }, {
    "objectGuid" : "7L4VxUjRR01jUKvfOGkrQb",
    "objectName" : "m_DIM_ALLEGATION_INFO",
    "objectType" : "DTEMPLATE",
    "path" : "/Explore/DCF_DEV_PARAM/DWH_PARAM",
    "metadata" : {
      "modelVersion" : {
        "major" : 0,
        "minor" : 0
      },
      "repoInfo" : {
        "repoHandle" : "012TDU17000000000009"
      },
      "objectRefs" : [ ],
      "contextAttributes" : [ {
        "name" : "id",
        "value" : "@1"
      } ],
      "additionalInfo" : {
        "description" : "",
        "contentType" : "JSON",
        "documentState" : "VALID"
      }
    }
  }, {
    "objectGuid" : "1omeSk2xe0UcT3oh9N13sN",
    "objectName" : "mt_DWH_AUDIT_LOGS_1",
    "objectType" : "MTT",
    "path" : "/Explore/DCF_DEV_PARAM/DWH_PARAM",
    "metadata" : {
      "modelVersion" : {
        "major" : 0,
        "minor" : 0
      },
      "repoInfo" : {
        "repoHandle" : "012TDU0Z000000000008"
      },
      "objectRefs" : [ "afGjwtWNGkacXpzuQp2cSv", "8l4v7iMZ1ZLiqH2Pp4mpix", "8P2Op7UtFaOcoML1TWB1uf" ],
      "contextAttributes" : [ {
        "name" : "id",
        "value" : "@1"
      } ],
      "additionalInfo" : {
        "description" : null,
        "contentType" : "JSON",
        "documentState" : "VALID"
      }
    }
  }, {
    "objectGuid" : "4tPWnr9ETIXjJ5UadEehio",
    "objectName" : "mt_DIM_ALLEGATION_INFO",
    "objectType" : "MTT",
    "path" : "/Explore/DCF_DEV_PARAM/DWH_PARAM",
    "metadata" : {
      "modelVersion" : {
        "major" : 0,
        "minor" : 0
      },
      "repoInfo" : {
        "repoHandle" : "012TDU0Z000000000006"
      },
      "objectRefs" : [ "72V9acpf3T1dVjSynn6qKH", "8l4v7iMZ1ZLiqH2Pp4mpix", "7L4VxUjRR01jUKvfOGkrQb", "86rQn4YxKWeh1j9fKI0cmL", "erIlwJOTUyQfiiQQElmi6j", "8P2Op7UtFaOcoML1TWB1uf" ],
      "contextAttributes" : [ {
        "name" : "id",
        "value" : "@1"
      } ],
      "additionalInfo" : {
        "description" : null,
        "contentType" : "JSON",
        "documentState" : "VALID"
      }
    }
  }, {
    "objectGuid" : "9cdIjl9ilnklF5oZlKcIKd",
    "objectName" : "DCF_DEV_PARAM",
    "objectType" : "Project",
    "path" : "/Explore",
    "metadata" : {
      "modelVersion" : {
        "major" : 0,
        "minor" : 0
      },
      "repoInfo" : null,
      "objectRefs" : [ ],
      "contextAttributes" : [ ],
      "additionalInfo" : {
        "description" : "Parameterization implementation ",
        "contentType" : "Binary",
        "documentState" : "COMPLETE"
      }
    }
  }, {
    "objectGuid" : "7PCkYTDkPuYlAydZZdciQC",
    "objectName" : "tf_FACT_ALLEGATIONS",
    "objectType" : "TASKFLOW",
    "path" : "/Explore/DCF_DEV_PARAM/DWH_PARAM",
    "metadata" : {
      "modelVersion" : {
        "major" : 1,
        "minor" : 0
      },
      "repoInfo" : {
        "repoHandle" : "UwvwNXHVOJ2oTVM-gt-320691-2025-01-07T09:42:32.757Z::tf.xml"
      },
      "objectRefs" : [ "alA3YIvDhrIbdGqMUygPMj", "0RYLsBEBLzFbYXVPuBekIs", "1omeSk2xe0UcT3oh9N13sN" ],
      "contextAttributes" : null,
      "additionalInfo" : {
        "description" : "",
        "contentType" : "application/json; charset=utf-8",
        "documentState" : "VALID"
      }
    }
  }, {
    "objectGuid" : "afGjwtWNGkacXpzuQp2cSv",
    "objectName" : "m_DWH_AUDIT_LOGS",
    "objectType" : "DTEMPLATE",
    "path" : "/Explore/DCF_DEV_PARAM/DWH_PARAM",
    "metadata" : {
      "modelVersion" : {
        "major" : 0,
        "minor" : 0
      },
      "repoInfo" : {
        "repoHandle" : "012TDU1700000000000C"
      },
      "objectRefs" : [ ],
      "contextAttributes" : [ {
        "name" : "id",
        "value" : "@1"
      } ],
      "additionalInfo" : {
        "description" : "",
        "contentType" : "JSON",
        "documentState" : "VALID"
      }
    }
  }, {
    "objectGuid" : "5wPvAybQa8IhlnEHjw3iMK",
    "objectName" : "tf_DIM_PERSONS",
    "objectType" : "TASKFLOW",
    "path" : "/Explore/DCF_DEV_PARAM/DWH_PARAM",
    "metadata" : {
      "modelVersion" : {
        "major" : 1,
        "minor" : 0
      },
      "repoInfo" : {
        "repoHandle" : "8lpDqotxGomUhGd-gt-3768737-2025-01-27T07:38:47.965Z::tf.xml"
      },
      "objectRefs" : [ "hVFQfjJwWqofLSblmVGQEP", "0RYLsBEBLzFbYXVPuBekIs", "8NN7d5URiINjnw4lxVAtq7" ],
      "contextAttributes" : null,
      "additionalInfo" : {
        "description" : "Developed by npatlolla on 8th Aug 2024 included all scenarios like parameterization and rejected records",
        "contentType" : "application/json; charset=utf-8",
        "documentState" : "VALID"
      }
    }
  }, {
    "objectGuid" : "9RYeQuh8TO0ejNVSmP13wU",
    "objectName" : "m_FACT_ALLEGATIONS",
    "objectType" : "DTEMPLATE",
    "path" : "/Explore/DCF_DEV_PARAM/DWH_PARAM",
    "metadata" : {
      "modelVersion" : {
        "major" : 0,
        "minor" : 0
      },
      "repoInfo" : {
        "repoHandle" : "012TDU17000000000008"
      },
      "objectRefs" : [ ],
      "contextAttributes" : [ {
        "name" : "id",
        "value" : "@1"
      } ],
      "additionalInfo" : {
        "description" : "",
        "contentType" : "JSON",
        "documentState" : "VALID"
      }
    }
  }, {
    "objectGuid" : "86rQn4YxKWeh1j9fKI0cmL",
    "objectName" : "Exp_Null_Columns",
    "objectType" : "UDF",
    "path" : "/Explore/DCF_DEV_PARAM/DWH_PARAM",
    "metadata" : {
      "modelVersion" : {
        "major" : 0,
        "minor" : 0
      },
      "repoInfo" : {
        "repoHandle" : "012TDU41000000000002"
      },
      "objectRefs" : [ ],
      "contextAttributes" : [ {
        "name" : "id",
        "value" : "@1"
      } ],
      "additionalInfo" : {
        "description" : "",
        "contentType" : "JSON",
        "documentState" : "VALID"
      }
    }
  }, {
    "objectGuid" : "935EA9ZvZMplyGr3kqJ5wV",
    "objectName" : "m_DIM_PERSONS",
    "objectType" : "DTEMPLATE",
    "path" : "/Explore/DCF_DEV_PARAM/DWH_PARAM",
    "metadata" : {
      "modelVersion" : {
        "major" : 0,
        "minor" : 0
      },
      "repoInfo" : {
        "repoHandle" : "012TDU1700000000001E"
      },
      "objectRefs" : [ ],
      "contextAttributes" : [ {
        "name" : "id",
        "value" : "@1"
      } ],
      "additionalInfo" : {
        "description" : "",
        "contentType" : "JSON",
        "documentState" : "VALID"
      }
    }
  }, {
    "objectGuid" : "erIlwJOTUyQfiiQQElmi6j",
    "objectName" : "STAGING_SNOWFLAKE",
    "objectType" : "Connection",
    "path" : "/SYS",
    "metadata" : {
      "modelVersion" : {
        "major" : 0,
        "minor" : 0
      },
      "repoInfo" : {
        "repoHandle" : "012TDU0B000000000004"
      },
      "objectRefs" : [ "8uhTd8yFZP5lgiEv0iTRyD" ],
      "contextAttributes" : [ {
        "name" : "id",
        "value" : "@1"
      } ],
      "additionalInfo" : {
        "description" : "this connection is for staging database",
        "contentType" : "JSON",
        "documentState" : "COMPLETE"
      }
    }
  }, {
    "objectGuid" : "8P2Op7UtFaOcoML1TWB1uf",
    "objectName" : "DWH_SNOWFLAKE_1",
    "objectType" : "Connection",
    "path" : "/SYS",
    "metadata" : {
      "modelVersion" : {
        "major" : 0,
        "minor" : 0
      },
      "repoInfo" : {
        "repoHandle" : "012TDU0B000000000007"
      },
      "objectRefs" : [ "8uhTd8yFZP5lgiEv0iTRyD" ],
      "contextAttributes" : [ {
        "name" : "id",
        "value" : "@1"
      } ],
      "additionalInfo" : {
        "description" : null,
        "contentType" : "JSON",
        "documentState" : "COMPLETE"
      }
    }
  } ]
}